vocab,elem,endpointUrl
http://rdfs.org/ns/void#,http://rdfs.org/ns/void#Dataset,https://ruian.linked.opendata.cz/sparql
http://www.w3.org/ns/dcat#,http://www.w3.org/ns/dcat#Dataset,https://stirdata-semantic.ails.ece.ntua.gr/api/content/cy/sparql
http://www.w3.org/ns/dcat#,http://www.w3.org/ns/dcat#Distribution,https://lod.openlinksw.com/sparql
http://rdfs.org/ns/void#,http://rdfs.org/ns/void#Dataset,http://caligraph.org/sparql
http://rdfs.org/ns/void#,http://rdfs.org/ns/void#TechnicalFeature,http://vocabulary.curriculum.edu.au/PoolParty/sparql/scot
http://www.w3.org/ns/dcat#,http://www.w3.org/ns/dcat#Resource,https://linkeddata.uriburner.com/sparql
http://rdfs.org/ns/void#,http://rdfs.org/ns/void#Dataset,https://api.druid.datalegend.net/datasets/dataLegend/microHeights/sparql
http://rdfs.org/ns/void#,http://rdfs.org/ns/void#Dataset,http://resource.geolba.ac.at/PoolParty/sparql/lithology
http://www.w3.org/ns/dcat#,http://www.w3.org/ns/dcat#Dataset,https://taxref.mnhn.fr/sparql
http://www.w3.org/ns/dcat#,http://www.w3.org/ns/dcat#DataService,https://data.europa.eu/sparql
http://rdfs.org/ns/void#,http://rdfs.org/ns/void#Dataset,http://sparql.datao.net/sparql
http://www.w3.org/ns/dcat#,http://www.w3.org/ns/dcat#Dataset,http://sparql.lynx-project.eu
http://www.w3.org/ns/dcat#,http://www.w3.org/ns/dcat#Dataset,http://statistics.gov.scot/sparql
http://www.w3.org/ns/dcat#,http://www.w3.org/ns/dcat#Dataset,http://libris.kb.se/sparql
http://www.w3.org/ns/dcat#,http://www.w3.org/ns/dcat#Dataset,https://open.bydata.de/api/sparql
http://www.w3.org/ns/dcat#,http://www.w3.org/ns/dcat#Dataset,https://sparql.hegroup.org/sparql
http://www.w3.org/ns/dcat#,http://www.w3.org/ns/dcat#Resource,http://publications.europa.eu/webapi/rdf/sparql
http://www.w3.org/ns/dcat#,http://www.w3.org/ns/dcat#Dataset,http://data.doremus.org/sparql
http://www.w3.org/ns/dcat#,http://www.w3.org/ns/dcat#Distribution,https://data.mvcr.gov.cz/sparql
http://rdfs.org/ns/void#,http://rdfs.org/ns/void#Dataset,https://id.nlm.nih.gov/mesh/sparql
http://www.w3.org/ns/dcat#,http://www.w3.org/ns/dcat#DataService,https://libris.kb.se/sparql
http://www.w3.org/ns/dcat#,http://www.w3.org/ns/dcat#Catalog,https://query.wikidata.org/bigdata/namespace/dcatap/sparql
http://rdfs.org/ns/void#,http://rdfs.org/ns/void#Dataset,https://www.thegazette.co.uk/sparql
http://www.w3.org/ns/dcat#,http://www.w3.org/ns/dcat#CatalogRecord,https://joinup.ec.europa.eu/sparql
http://www.w3.org/ns/dcat#,http://www.w3.org/ns/dcat#Catalog,https://lod.sztaki.hu/sparql
http://www.w3.org/ns/dcat#,http://www.w3.org/ns/dcat#Dataset,https://clara.univ-nantes.fr/sparql
http://www.w3.org/ns/dcat#,http://www.w3.org/ns/dcat#Distribution,https://opendata.aragon.es/sparql
http://www.w3.org/ns/dcat#,http://www.w3.org/ns/dcat#Dataset,https://semanticweb.cs.vu.nl/dss/sparql
http://rdfs.org/ns/void#,http://rdfs.org/ns/void#Dataset,http://sparql.nibb.ac.jp/sparql
http://rdfs.org/ns/void#,http://rdfs.org/ns/void#Dataset,http://geosparql.demo.openlinksw.com/sparql
http://www.w3.org/ns/dcat#,http://www.w3.org/ns/dcat#Dataset,https://ldf.fi/mmm/sparql
http://rdfs.org/ns/void#,http://rdfs.org/ns/void#Dataset,https://dati.beniculturali.it/sparql
http://www.w3.org/ns/dcat#,http://www.w3.org/ns/dcat#CatalogRecord,https://publications.europa.eu/webapi/rdf/sparql
http://rdfs.org/ns/void#,http://rdfs.org/ns/void#Dataset,https://pgxlod.loria.fr/sparql
http://www.w3.org/ns/dcat#,http://www.w3.org/ns/dcat#DataService,https://lod.openlinksw.com/sparql
http://rdfs.org/ns/void#,http://rdfs.org/ns/void#Dataset,https://api.druid.datalegend.net/datasets/dataLegend/gemeentegeschiedenis/sparql
http://rdfs.org/ns/void#,http://rdfs.org/ns/void#Dataset,https://ts.glytoucan.org/sparql
http://www.w3.org/ns/dcat#,http://www.w3.org/ns/dcat#Distribution,https://dati.isprambiente.it/sparql
http://rdfs.org/ns/void#,http://rdfs.org/ns/void#Dataset,https://chemblmirror.rdf.bigcat-bioinformatics.org/sparql
http://www.w3.org/ns/dcat#,http://www.w3.org/ns/dcat#Distribution,https://data.europa.eu/sparql
http://www.w3.org/ns/dcat#,http://www.w3.org/ns/dcat#CatalogRecord,https://data.europa.eu/euodp/sparqlep
http://www.w3.org/ns/dcat#,http://www.w3.org/ns/dcat#Dataset,https://semantic.eea.europa.eu/sparql
http://www.w3.org/ns/dcat#,http://www.w3.org/ns/dcat#Dataset,http://lov.okfn.org/dataset/lov/sparql
http://www.w3.org/ns/dcat#,http://www.w3.org/ns/dcat#Distribution,https://libris.kb.se/sparql
http://rdfs.org/ns/void#,http://rdfs.org/ns/void#Linkset,https://pgxlod.loria.fr/sparql
http://www.w3.org/ns/dcat#,http://www.w3.org/ns/dcat#Dataset,https://relate.racai.ro/datasets/legalnero/query
http://rdfs.org/ns/void#,http://rdfs.org/ns/void#Linkset,https://dati.beniculturali.it/sparql
http://www.w3.org/ns/dcat#,http://www.w3.org/ns/dcat#DataService,https://data.mvcr.gov.cz/sparql
http://www.w3.org/ns/dcat#,http://www.w3.org/ns/dcat#Catalog,https://api.druid.datalegend.net/datasets/IISG/historic-maps/sparql
http://rdfs.org/ns/void#,http://rdfs.org/ns/void#TechnicalFeature,http://resource.geolba.ac.at/PoolParty/sparql/GeologicUnit
http://www.w3.org/ns/dcat#,http://www.w3.org/ns/dcat#Catalog,http://sparql.odw.tw
http://www.w3.org/ns/dcat#,http://www.w3.org/ns/dcat#Catalog,https://linked.opendata.cz/sparql
http://rdfs.org/ns/void#,http://rdfs.org/ns/void#Dataset,https://weakg.i3s.unice.fr/sparql
http://rdfs.org/ns/void#,http://rdfs.org/ns/void#Linkset,https://chemblmirror.rdf.bigcat-bioinformatics.org/sparql
http://www.w3.org/ns/dcat#,http://www.w3.org/ns/dcat#Dataset,https://opendata.aragon.es/sparql
http://rdfs.org/ns/void#,http://rdfs.org/ns/void#Dataset,https://data.cssz.cz/sparql
http://rdfs.org/ns/void#,http://rdfs.org/ns/void#Dataset,http://dbkwik.webdatacommons.org/sparql
http://www.w3.org/ns/dcat#,http://www.w3.org/ns/dcat#Distribution,https://clara.univ-nantes.fr/sparql
http://www.w3.org/ns/dcat#,http://www.w3.org/ns/dcat#Dataset,https://vocab.nerc.ac.uk/sparql
http://rdfs.org/ns/void#,http://rdfs.org/ns/void#Dataset,https://zbw.eu/beta/sparql/stw/query
http://www.w3.org/ns/dcat#,http://www.w3.org/ns/dcat#Dataset,https://cr.eionet.europa.eu/sparql
http://rdfs.org/ns/void#,http://rdfs.org/ns/void#DatasetDescription,http://uriburner.com/sparql
http://rdfs.org/ns/void#,http://rdfs.org/ns/void#Dataset,http://data.open.ac.uk/query
http://rdfs.org/ns/void#,http://rdfs.org/ns/void#Linkset,https://sparql.proconsortium.org/virtuoso/sparql
http://www.w3.org/ns/dcat#,http://www.w3.org/ns/dcat#Resource,https://lov.linkeddata.es/dataset/lov/sparql
http://rdfs.org/ns/void#,http://rdfs.org/ns/void#DatasetDescription,http://data.allie.dbcls.jp/sparql
http://www.w3.org/ns/dcat#,http://www.w3.org/ns/dcat#Dataset,https://data.mvcr.gov.cz/sparql
http://www.w3.org/ns/dcat#,http://www.w3.org/ns/dcat#Distribution,http://data.doremus.org/sparql
http://rdfs.org/ns/void#,http://rdfs.org/ns/void#TechnicalFeature,http://resource.geolba.ac.at/PoolParty/sparql/tectonicunit
http://www.w3.org/ns/dcat#,http://www.w3.org/ns/dcat#Distribution,https://open.bydata.de/api/sparql
http://www.w3.org/ns/dcat#,http://www.w3.org/ns/dcat#Catalog,http://uriburner.com/sparql
http://www.w3.org/ns/dcat#,http://www.w3.org/ns/dcat#Distribution,http://statistics.gov.scot/sparql
http://rdfs.org/ns/void#,http://rdfs.org/ns/void#TechnicalFeature,https://digitaalerfgoed.poolparty.biz/PoolParty/sparql/term/id/cht
http://www.w3.org/ns/dcat#,http://www.w3.org/ns/dcat#Distribution,http://libris.kb.se/sparql
http://rdfs.org/ns/void#,http://rdfs.org/ns/void#Linkset,https://zbw.eu/beta/sparql/stw/query
http://www.w3.org/ns/dcat#,http://www.w3.org/ns/dcat#Distribution,https://taxref.mnhn.fr/sparql
http://www.w3.org/ns/dcat#,http://www.w3.org/ns/dcat#DataService,http://lov.okfn.org/dataset/lov/sparql
http://rdfs.org/ns/void#,http://rdfs.org/ns/void#Dataset,https://sparql.proconsortium.org/virtuoso/sparql
http://rdfs.org/ns/void#,http://rdfs.org/ns/void#Dataset,https://api.druid.datalegend.net/datasets/dataLegend/Admissies-Haarlem/sparql
http://www.w3.org/ns/dcat#,http://www.w3.org/ns/dcat#CatalogRecord,https://data.gov.cz/sparql
http://www.w3.org/ns/dcat#,http://www.w3.org/ns/dcat#Dataset,https://lod.openlinksw.com/sparql
http://www.w3.org/ns/dcat#,http://www.w3.org/ns/dcat#Distribution,https://stirdata-semantic.ails.ece.ntua.gr/api/content/cy/sparql
http://www.w3.org/ns/dcat#,http://www.w3.org/ns/dcat#Dataset,https://ldf.fi/warsa/sparql
http://rdfs.org/ns/void#,http://rdfs.org/ns/void#DatasetDescription,http://id.nlm.nih.gov/mesh/sparql
http://www.w3.org/ns/dcat#,http://www.w3.org/ns/dcat#Catalog,http://taxref.mnhn.fr/sparql
http://www.w3.org/ns/dcat#,http://www.w3.org/ns/dcat#Resource,https://lov.okfn.org/dataset/lov/sparql
http://www.w3.org/ns/dcat#,http://www.w3.org/ns/dcat#Distribution,https://relate.racai.ro/datasets/legalnero/query
http://rdfs.org/ns/void#,http://rdfs.org/ns/void#Dataset,http://dati.beniculturali.it/sparql
http://www.w3.org/ns/dcat#,http://www.w3.org/ns/dcat#Dataset,https://libris.kb.se/sparql
http://rdfs.org/ns/void#,http://rdfs.org/ns/void#Dataset,https://dbpedia.org/sparql
http://rdfs.org/ns/void#,http://rdfs.org/ns/void#Dataset,https://forum.semantic-metabolomics.fr/sparql
http://www.w3.org/ns/dcat#,http://www.w3.org/ns/dcat#Dataset,https://data.europa.eu/sparql
http://www.w3.org/ns/dcat#,http://www.w3.org/ns/dcat#Distribution,http://navi.first.lifesciencedb.jp/fanavi/sparql
http://www.w3.org/ns/dcat#,http://www.w3.org/ns/dcat#DataService,https://taxref.mnhn.fr/sparql
http://www.w3.org/ns/dcat#,http://www.w3.org/ns/dcat#Distribution,https://semantic.eea.europa.eu/sparql
http://www.w3.org/ns/dcat#,http://www.w3.org/ns/dcat#Distribution,http://lov.okfn.org/dataset/lov/sparql
http://www.w3.org/ns/dcat#,http://www.w3.org/ns/dcat#Dataset,https://dati.isprambiente.it/sparql
http://www.w3.org/ns/dcat#,http://www.w3.org/ns/dcat#Catalog,https://data.mpsv.cz/sparql/
http://www.w3.org/ns/dcat#,http://www.w3.org/ns/dcat#Dataset,http://ldf.fi/warsa/sparql
http://www.w3.org/ns/dcat#,http://www.w3.org/ns/dcat#Catalog,https://opendata.mfcr.cz/lod/sparql
http://www.w3.org/ns/dcat#,http://www.w3.org/ns/dcat#DataService,http://libris.kb.se/sparql
http://www.w3.org/ns/dcat#,http://www.w3.org/ns/dcat#Dataset,https://opendatacommunities.org/sparql
http://rdfs.org/ns/void#,http://rdfs.org/ns/void#Dataset,http://demo.openlinksw.com/sparql
http://www.w3.org/ns/dcat#,http://www.w3.org/ns/dcat#DataService,https://stirdata-semantic.ails.ece.ntua.gr/api/content/cy/sparql
http://rdfs.org/ns/void#,http://rdfs.org/ns/void#TechnicalFeature,http://vocabulary.semantic-web.at/PoolParty/sparql/semweb
http://www.w3.org/ns/dcat#,http://www.w3.org/ns/dcat#Dataset,https://landportal.org/sparql
http://rdfs.org/ns/void#,http://rdfs.org/ns/void#Linkset,https://dbpedia.org/sparql
http://rdfs.org/ns/void#,http://rdfs.org/ns/void#Linkset,https://forum.semantic-metabolomics.fr/sparql
http://rdfs.org/ns/void#,http://rdfs.org/ns/void#Linkset,http://dati.beniculturali.it/sparql
http://www.w3.org/ns/dcat#,http://www.w3.org/ns/dcat#Dataset,http://es.dbpedia.org/sparql
http://www.w3.org/ns/dcat#,http://www.w3.org/ns/dcat#Dataset,http://sparql.hegroup.org/sparql
http://www.w3.org/ns/dcat#,http://www.w3.org/ns/dcat#DataService,https://data.dia.gov.cz/sparql
http://www.w3.org/ns/dcat#,http://www.w3.org/ns/dcat#Dataset,https://joinup.ec.europa.eu/sparql
http://www.w3.org/ns/dcat#,http://www.w3.org/ns/dcat#Dataset,https://dati.camera.it/sparql
http://rdfs.org/ns/void#,http://rdfs.org/ns/void#Linkset,https://taxref.mnhn.fr/sparql
http://rdfs.org/ns/void#,http://rdfs.org/ns/void#Dataset,https://clara.univ-nantes.fr/sparql
http://www.w3.org/ns/dcat#,http://www.w3.org/ns/dcat#DataService,https://www.govdata.de/sparql
http://www.w3.org/ns/dcat#,http://www.w3.org/ns/dcat#Role,https://lov.okfn.org/dataset/lov/sparql
http://www.w3.org/ns/dcat#,http://www.w3.org/ns/dcat#Distribution,https://data.cssz.cz/sparql
http://www.w3.org/ns/dcat#,http://www.w3.org/ns/dcat#Dataset,https://api.druid.datalegend.net/datasets/IISG/sicada/sparql
http://rdfs.org/ns/void#,http://rdfs.org/ns/void#Dataset,https://stirdata-semantic.ails.ece.ntua.gr/api/content/cy/sparql
http://www.w3.org/ns/dcat#,http://www.w3.org/ns/dcat#Dataset,https://ruian.linked.opendata.cz/sparql
http://www.w3.org/ns/dcat#,http://www.w3.org/ns/dcat#Distribution,https://sparql.proconsortium.org/virtuoso/sparql
http://www.w3.org/ns/dcat#,http://www.w3.org/ns/dcat#Distribution,https://data.gov.cz/sparql
http://rdfs.org/ns/void#,http://rdfs.org/ns/void#Dataset,http://sparql.lynx-project.eu
http://www.w3.org/ns/dcat#,http://www.w3.org/ns/dcat#Distribution,https://data.mff.cuni.cz/sparql
http://www.w3.org/ns/dcat#,http://www.w3.org/ns/dcat#Catalog,http://dati.isprambiente.it/sparql
http://rdfs.org/ns/void#,http://rdfs.org/ns/void#Dataset,https://taxref.mnhn.fr/sparql
http://www.w3.org/ns/dcat#,http://www.w3.org/ns/dcat#CatalogRecord,https://open.bydata.de/api/sparql
http://rdfs.org/ns/void#,http://rdfs.org/ns/void#Dataset,http://libris.kb.se/sparql
http://rdfs.org/ns/void#,http://rdfs.org/ns/void#Dataset,http://statistics.gov.scot/sparql
http://www.w3.org/ns/dcat#,http://www.w3.org/ns/dcat#Distribution,http://dati.beniculturali.it/sparql
http://www.w3.org/ns/dcat#,http://www.w3.org/ns/dcat#Distribution,https://forum.semantic-metabolomics.fr/sparql
http://rdfs.org/ns/void#,http://rdfs.org/ns/void#DatasetDescription,https://sparql.wikipathways.org/sparql
http://www.w3.org/ns/dcat#,http://www.w3.org/ns/dcat#Distribution,https://data.dia.gov.cz/sparql
http://rdfs.org/ns/void#,http://rdfs.org/ns/void#Dataset,https://kaiko.getalp.org/sparql
http://www.w3.org/ns/dcat#,http://www.w3.org/ns/dcat#Role,https://lov.linkeddata.es/dataset/lov/sparql
http://www.w3.org/ns/dcat#,http://www.w3.org/ns/dcat#Dataset,https://weakg.i3s.unice.fr/sparql
http://www.w3.org/ns/dcat#,http://www.w3.org/ns/dcat#Resource,https://es.dbpedia.org/sparql
http://rdfs.org/ns/void#,http://rdfs.org/ns/void#DatasetDescription,https://navi.first.lifesciencedb.jp/fanavi/sparql
http://rdfs.org/ns/void#,http://rdfs.org/ns/void#DatasetDescription,https://linkeddata.uriburner.com/sparql
http://rdfs.org/ns/void#,http://rdfs.org/ns/void#Linkset,http://navi.first.lifesciencedb.jp/fanavi/sparql
http://rdfs.org/ns/void#,http://rdfs.org/ns/void#Linkset,https://semantic.eea.europa.eu/sparql
http://rdfs.org/ns/void#,http://rdfs.org/ns/void#Linkset,http://lov.okfn.org/dataset/lov/sparql
http://www.w3.org/ns/dcat#,http://www.w3.org/ns/dcat#Distribution,https://www.govdata.de/sparql
http://rdfs.org/ns/void#,http://rdfs.org/ns/void#Dataset,https://ldf.fi/mmm/sparql
http://www.w3.org/ns/dcat#,http://www.w3.org/ns/dcat#DataService,https://data.gov.cz/sparql
http://rdfs.org/ns/void#,http://rdfs.org/ns/void#Dataset,http://vocabulary.semantic-web.at/PoolParty/sparql/OpenData
http://www.w3.org/ns/dcat#,http://www.w3.org/ns/dcat#Catalog,https://linkeddata.uriburner.com/sparql
http://www.w3.org/ns/dcat#,http://www.w3.org/ns/dcat#Distribution,http://demo.openlinksw.com/sparql
http://rdfs.org/ns/void#,http://rdfs.org/ns/void#Linkset,https://kaiko.getalp.org/sparql
http://www.w3.org/ns/dcat#,http://www.w3.org/ns/dcat#Dataset,https://dati.beniculturali.it/sparql
http://www.w3.org/ns/dcat#,http://www.w3.org/ns/dcat#Dataset,https://publications.europa.eu/webapi/rdf/sparql
http://www.w3.org/ns/dcat#,http://www.w3.org/ns/dcat#Catalog,http://wikidata.demo.openlinksw.com/sparql
http://www.w3.org/ns/dcat#,http://www.w3.org/ns/dcat#Dataset,https://ts.glytoucan.org/sparql
http://rdfs.org/ns/void#,http://rdfs.org/ns/void#Dataset,https://semantic.eea.europa.eu/sparql
http://rdfs.org/ns/void#,http://rdfs.org/ns/void#Dataset,http://lov.okfn.org/dataset/lov/sparql
http://rdfs.org/ns/void#,http://rdfs.org/ns/void#Dataset,http://navi.first.lifesciencedb.jp/fanavi/sparql
http://rdfs.org/ns/void#,http://rdfs.org/ns/void#Dataset,http://vocabs.ardc.edu.au/repository/api/sparql/csiro_international-chronostratigraphic-chart_geologic-time-scale-2020
http://www.w3.org/ns/dcat#,http://www.w3.org/ns/dcat#CatalogRecord,http://lov.okfn.org/dataset/lov/sparql
http://www.w3.org/ns/dcat#,http://www.w3.org/ns/dcat#Dataset,https://data.europa.eu/euodp/sparqlep
http://www.w3.org/ns/dcat#,http://www.w3.org/ns/dcat#DataService,https://data.mff.cuni.cz/sparql
http://www.w3.org/ns/dcat#,http://www.w3.org/ns/dcat#Catalog,https://datos.bcn.cl/sparql
http://rdfs.org/ns/void#,http://rdfs.org/ns/void#DatasetDescription,https://lov.okfn.org/dataset/lov/sparql
http://www.w3.org/ns/dcat#,http://www.w3.org/ns/dcat#Dataset,https://data.mff.cuni.cz/sparql
http://www.w3.org/ns/dcat#,http://www.w3.org/ns/dcat#DataService,https://data.europa.eu/euodp/sparqlep
http://www.w3.org/ns/dcat#,http://www.w3.org/ns/dcat#Catalog,https://www.foodie-cloud.org/sparql
http://rdfs.org/ns/void#,http://rdfs.org/ns/void#Linkset,https://cr.eionet.europa.eu/sparql
http://www.w3.org/ns/dcat#,http://www.w3.org/ns/dcat#Dataset,https://data.gov.cz/sparql
http://rdfs.org/ns/void#,http://rdfs.org/ns/void#Dataset,https://lod.openlinksw.com/sparql
http://www.w3.org/ns/dcat#,http://www.w3.org/ns/dcat#Distribution,https://ruian.linked.opendata.cz/sparql
http://rdfs.org/ns/void#,http://rdfs.org/ns/void#Dataset,https://ldf.fi/warsa/sparql
http://www.w3.org/ns/dcat#,http://www.w3.org/ns/dcat#CatalogRecord,https://lod.openlinksw.com/sparql
http://www.w3.org/ns/dcat#,http://www.w3.org/ns/dcat#Distribution,https://api.druid.datalegend.net/datasets/IISG/sicada/sparql
http://www.w3.org/ns/dcat#,http://www.w3.org/ns/dcat#Dataset,https://data.cssz.cz/sparql
http://rdfs.org/ns/void#,http://rdfs.org/ns/void#Dataset,https://cr.eionet.europa.eu/sparql
http://www.w3.org/ns/dcat#,http://www.w3.org/ns/dcat#Catalog,https://lov.okfn.org/dataset/lov/sparql
http://www.w3.org/ns/dcat#,http://www.w3.org/ns/dcat#Distribution,https://dati.camera.it/sparql
http://www.w3.org/ns/dcat#,http://www.w3.org/ns/dcat#Catalog,http://datos.bcn.cl/sparql
http://www.w3.org/ns/dcat#,http://www.w3.org/ns/dcat#Distribution,https://joinup.ec.europa.eu/sparql
http://rdfs.org/ns/void#,http://rdfs.org/ns/void#Dataset,https://api.druid.datalegend.net/datasets/dataLegend/Admissies-DH/sparql
http://rdfs.org/ns/void#,http://rdfs.org/ns/void#Linkset,https://lod.openlinksw.com/sparql
http://rdfs.org/ns/void#,http://rdfs.org/ns/void#Dataset,http://ldf.fi/warsa/sparql
http://www.w3.org/ns/dcat#,http://www.w3.org/ns/dcat#Distribution,https://chemblmirror.rdf.bigcat-bioinformatics.org/sparql
http://www.w3.org/ns/dcat#,http://www.w3.org/ns/dcat#Resource,http://uriburner.com/sparql
http://www.w3.org/ns/dcat#,http://www.w3.org/ns/dcat#Distribution,https://data.europa.eu/euodp/sparqlep
http://www.w3.org/ns/dcat#,http://www.w3.org/ns/dcat#CatalogRecord,https://data.europa.eu/sparql
http://rdfs.org/ns/void#,http://rdfs.org/ns/void#Dataset,https://opendatacommunities.org/sparql
http://www.w3.org/ns/dcat#,http://www.w3.org/ns/dcat#Catalog,http://db.artsdata.ca/repositories/artsdata
http://rdfs.org/ns/void#,http://rdfs.org/ns/void#DatasetDescription,https://lov.linkeddata.es/dataset/lov/sparql
http://www.w3.org/ns/dcat#,http://www.w3.org/ns/dcat#Distribution,https://ts.glytoucan.org/sparql
http://www.w3.org/ns/dcat#,http://www.w3.org/ns/dcat#Distribution,https://dati.beniculturali.it/sparql
http://www.w3.org/ns/dcat#,http://www.w3.org/ns/dcat#Distribution,https://publications.europa.eu/webapi/rdf/sparql
http://rdfs.org/ns/void#,http://rdfs.org/ns/void#Dataset,http://resource.geolba.ac.at/PoolParty/sparql/GeologicTimeScale
http://www.w3.org/ns/dcat#,http://www.w3.org/ns/dcat#Dataset,http://demo.openlinksw.com/sparql
http://www.w3.org/ns/dcat#,http://www.w3.org/ns/dcat#Distribution,https://pgxlod.loria.fr/sparql
http://rdfs.org/ns/void#,http://rdfs.org/ns/void#Dataset,https://www.bgee.org/sparql
http://rdfs.org/ns/void#,http://rdfs.org/ns/void#Dataset,http://es.dbpedia.org/sparql
http://www.w3.org/ns/dcat#,http://www.w3.org/ns/dcat#Dataset,https://www.govdata.de/sparql
http://www.w3.org/ns/dcat#,http://www.w3.org/ns/dcat#Distribution,https://weakg.i3s.unice.fr/sparql
http://rdfs.org/ns/void#,http://rdfs.org/ns/void#DatasetDescription,http://ldf.fi/ww1lod/sparql
http://rdfs.org/ns/void#,http://rdfs.org/ns/void#Dataset,https://api.druid.datalegend.net/datasets/andb/ANDB-ADB-all/sparql
http://rdfs.org/ns/void#,http://rdfs.org/ns/void#Linkset,https://www.bgee.org/sparql
http://www.w3.org/ns/dcat#,http://www.w3.org/ns/dcat#Dataset,https://data.dia.gov.cz/sparql
http://www.w3.org/ns/dcat#,http://www.w3.org/ns/dcat#Resource,https://orkg.org/triplestore
http://rdfs.org/ns/void#,http://rdfs.org/ns/void#DatasetDescription,https://ldf.fi/ww1lod/sparql
http://www.w3.org/ns/dcat#,http://www.w3.org/ns/dcat#Dataset,https://forum.semantic-metabolomics.fr/sparql
http://www.w3.org/ns/dcat#,http://www.w3.org/ns/dcat#Catalog,http://dati.camera.it/sparql
http://www.w3.org/ns/dcat#,http://www.w3.org/ns/dcat#Catalog,https://dati.cultura.gov.it/sparql
http://www.w3.org/ns/dcat#,http://www.w3.org/ns/dcat#Catalog,https://lov.linkeddata.es/dataset/lov/sparql
http://rdfs.org/ns/void#,http://rdfs.org/ns/void#Dataset,https://libris.kb.se/sparql
http://www.w3.org/ns/dcat#,http://www.w3.org/ns/dcat#Dataset,http://dati.beniculturali.it/sparql
http://www.w3.org/ns/dcat#,http://www.w3.org/ns/dcat#Resource,http://es.dbpedia.org/sparql
http://www.w3.org/ns/dcat#,http://www.w3.org/ns/dcat#DataService,https://linkeddata.uriburner.com/sparql
http://www.w3.org/ns/dcat#,http://www.w3.org/ns/dcat#Distribution,https://fr.dbpedia.org/sparql
http://www.w3.org/ns/dcat#,http://www.w3.org/ns/dcat#Relationship,https://data.europa.eu/sparql
http://www.w3.org/ns/dcat#,http://www.w3.org/ns/dcat#Catalog,https://data.gov.cz/sparql
http://rdfs.org/ns/void#,http://rdfs.org/ns/void#Dataset,https://ts.glycosmos.org/sparql
http://www.w3.org/ns/dcat#,http://www.w3.org/ns/dcat#Dataset,https://www.foodie-cloud.org/sparql
http://www.w3.org/ns/dcat#,http://www.w3.org/ns/dcat#Catalog,https://data.mff.cuni.cz/sparql
http://rdfs.org/ns/void#,http://rdfs.org/ns/void#Dataset,http://data.allie.dbcls.jp/sparql
http://www.w3.org/ns/dcat#,http://www.w3.org/ns/dcat#Dataset,https://linkedwiki.com/sparql
http://www.w3.org/ns/dcat#,http://www.w3.org/ns/dcat#Distribution,http://dati.isprambiente.it/sparql
http://rdfs.org/ns/void#,http://rdfs.org/ns/void#Dataset,http://uriburner.com/sparql
http://www.w3.org/ns/dcat#,http://www.w3.org/ns/dcat#Resource,https://data.europa.eu/sparql
http://www.w3.org/ns/dcat#,http://www.w3.org/ns/dcat#CatalogRecord,http://uriburner.com/sparql
http://www.w3.org/ns/dcat#,http://www.w3.org/ns/dcat#Dataset,https://lov.okfn.org/dataset/lov/sparql
http://www.w3.org/ns/dcat#,http://www.w3.org/ns/dcat#Dataset,http://datos.bcn.cl/sparql
http://rdfs.org/ns/void#,http://rdfs.org/ns/void#Dataset,https://digitaalerfgoed.poolparty.biz/PoolParty/sparql/term/id/cht
http://rdfs.org/ns/void#,http://rdfs.org/ns/void#Linkset,http://data.allie.dbcls.jp/sparql
http://www.w3.org/ns/dcat#,http://www.w3.org/ns/dcat#Dataset,https://relate.racai.ro/datasets/rtasc/sparql
http://rdfs.org/ns/void#,http://rdfs.org/ns/void#Dataset,http://resource.geolba.ac.at/PoolParty/sparql/tectonicunit
http://www.w3.org/ns/dcat#,http://www.w3.org/ns/dcat#Distribution,http://sparql.proconsortium.org/virtuoso/sparql
http://rdfs.org/ns/void#,http://rdfs.org/ns/void#Linkset,http://uriburner.com/sparql
http://www.w3.org/ns/dcat#,http://www.w3.org/ns/dcat#Catalog,https://data.cssz.cz/sparql
http://www.w3.org/ns/dcat#,http://www.w3.org/ns/dcat#Resource,https://lod.openlinksw.com/sparql
http://www.w3.org/ns/dcat#,http://www.w3.org/ns/dcat#DataService,https://fr.dbpedia.org/sparql
http://rdfs.org/ns/void#,http://rdfs.org/ns/void#Dataset,http://data.fondazionezeri.unibo.it/sparql/
http://www.w3.org/ns/dcat#,http://www.w3.org/ns/dcat#Dataset,https://data.gesis.org/claimskg/sparql
http://www.w3.org/ns/dcat#,http://www.w3.org/ns/dcat#Distribution,https://navi.first.lifesciencedb.jp/fanavi/sparql
http://www.w3.org/ns/dcat#,http://www.w3.org/ns/dcat#Distribution,https://linkeddata.uriburner.com/sparql
http://rdfs.org/ns/void#,http://rdfs.org/ns/void#Dataset,http://id.nlm.nih.gov/mesh/sparql
http://rdfs.org/ns/void#,http://rdfs.org/ns/void#Linkset,http://taxref.mnhn.fr/sparql
http://www.w3.org/ns/dcat#,http://www.w3.org/ns/dcat#Distribution,http://wikidata.demo.openlinksw.com/sparql
http://www.w3.org/ns/dcat#,http://www.w3.org/ns/dcat#Role,https://data.europa.eu/euodp/sparqlep
http://www.w3.org/ns/dcat#,http://www.w3.org/ns/dcat#Dataset,http://db.artsdata.ca/repositories/artsdata
http://www.w3.org/ns/dcat#,http://www.w3.org/ns/dcat#Relationship,https://lod.openlinksw.com/sparql
http://rdfs.org/ns/void#,http://rdfs.org/ns/void#Dataset,https://api.druid.datalegend.net/datasets/nlgis/mint/sparql
http://www.w3.org/ns/dcat#,http://www.w3.org/ns/dcat#Distribution,https://sparql.wikipathways.org/sparql
http://rdfs.org/ns/void#,http://rdfs.org/ns/void#Dataset,http://vocabulary.semantic-web.at/PoolParty/sparql/semweb
http://www.w3.org/ns/dcat#,http://www.w3.org/ns/dcat#Distribution,http://publications.europa.eu/webapi/rdf/sparql
http://www.w3.org/ns/dcat#,http://www.w3.org/ns/dcat#Catalog,http://dati.beniculturali.it/sparql
http://www.w3.org/ns/dcat#,http://www.w3.org/ns/dcat#Dataset,http://dati.camera.it/sparql
http://www.w3.org/ns/dcat#,http://www.w3.org/ns/dcat#Dataset,https://dati.cultura.gov.it/sparql
http://www.w3.org/ns/dcat#,http://www.w3.org/ns/dcat#Dataset,https://lov.linkeddata.es/dataset/lov/sparql
http://rdfs.org/ns/void#,http://rdfs.org/ns/void#Dataset,http://taxref.mnhn.fr/sparql
http://www.w3.org/ns/dcat#,http://www.w3.org/ns/dcat#Catalog,https://data.dia.gov.cz/sparql
http://www.w3.org/ns/dcat#,http://www.w3.org/ns/dcat#DataService,https://covidontheweb.inria.fr/sparql
http://www.w3.org/ns/dcat#,http://www.w3.org/ns/dcat#Dataset,http://weakg.i3s.unice.fr/sparql
http://www.w3.org/ns/dcat#,http://www.w3.org/ns/dcat#Dataset,http://opendata.aragon.es/sparql
http://rdfs.org/ns/void#,http://rdfs.org/ns/void#Dataset,https://es.dbpedia.org/sparql
http://www.w3.org/ns/dcat#,http://www.w3.org/ns/dcat#Dataset,https://covidontheweb.inria.fr/sparql
http://rdfs.org/ns/void#,http://rdfs.org/ns/void#Dataset,http://dbpedia.org/sparql
http://rdfs.org/ns/void#,http://rdfs.org/ns/void#Linkset,http://sparql.orthodb.org/sparql
http://rdfs.org/ns/void#,http://rdfs.org/ns/void#Linkset,https://aopwiki.rdf.bigcat-bioinformatics.org/sparql
http://rdfs.org/ns/void#,http://rdfs.org/ns/void#Dataset,http://ldf.fi/corresp/sparql
http://www.w3.org/ns/dcat#,http://www.w3.org/ns/dcat#Distribution,https://relate.racai.ro/datasets/rtasc/sparql
http://www.w3.org/ns/dcat#,http://www.w3.org/ns/dcat#Catalog,https://dati.camera.it/sparql
http://www.w3.org/ns/dcat#,http://www.w3.org/ns/dcat#Distribution,https://lov.okfn.org/dataset/lov/sparql
http://rdfs.org/ns/void#,http://rdfs.org/ns/void#Linkset,https://sparql.orthodb.org/sparql
http://rdfs.org/ns/void#,http://rdfs.org/ns/void#Dataset,http://vocabulary.curriculum.edu.au/PoolParty/sparql/scot
http://www.w3.org/ns/dcat#,http://www.w3.org/ns/dcat#DataService,https://lov.linkeddata.es/dataset/lov/sparql
http://www.w3.org/ns/dcat#,http://www.w3.org/ns/dcat#Catalog,https://joinup.ec.europa.eu/sparql
http://rdfs.org/ns/void#,http://rdfs.org/ns/void#Dataset,http://wasabi.inria.fr/sparql
http://rdfs.org/ns/void#,http://rdfs.org/ns/void#TechnicalFeature,http://resource.geolba.ac.at/PoolParty/sparql/lithology
http://www.w3.org/ns/dcat#,http://www.w3.org/ns/dcat#Resource,http://lov.okfn.org/dataset/lov/sparql
http://rdfs.org/ns/void#,http://rdfs.org/ns/void#Linkset,http://dbpedia.org/sparql
http://www.w3.org/ns/dcat#,http://www.w3.org/ns/dcat#DataService,http://db.artsdata.ca/repositories/artsdata
http://rdfs.org/ns/void#,http://rdfs.org/ns/void#Dataset,http://sparql.orthodb.org/sparql
http://www.w3.org/ns/dcat#,http://www.w3.org/ns/dcat#Catalog,http://sparql.datao.net/sparql
http://www.w3.org/ns/dcat#,http://www.w3.org/ns/dcat#Dataset,http://dati.isprambiente.it/sparql
http://www.w3.org/ns/dcat#,http://www.w3.org/ns/dcat#Distribution,https://linkedwiki.com/sparql
http://rdfs.org/ns/void#,http://rdfs.org/ns/void#Dataset,https://aopwiki.rdf.bigcat-bioinformatics.org/sparql
http://www.w3.org/ns/dcat#,http://www.w3.org/ns/dcat#Distribution,https://www.foodie-cloud.org/sparql
http://rdfs.org/ns/void#,http://rdfs.org/ns/void#DatasetDescription,https://id.nlm.nih.gov/mesh/sparql
http://rdfs.org/ns/void#,http://rdfs.org/ns/void#Dataset,https://sparql.orthodb.org/sparql
http://www.w3.org/ns/dcat#,http://www.w3.org/ns/dcat#Dataset,https://fr.dbpedia.org/sparql
http://www.w3.org/ns/dcat#,http://www.w3.org/ns/dcat#Catalog,https://ruian.linked.opendata.cz/sparql
http://rdfs.org/ns/void#,http://rdfs.org/ns/void#Linkset,http://wasabi.inria.fr/sparql
http://www.w3.org/ns/dcat#,http://www.w3.org/ns/dcat#Catalog,https://api.druid.datalegend.net/datasets/IISG/sicada/sparql
http://rdfs.org/ns/void#,http://rdfs.org/ns/void#DatasetDescription,https://pgxlod.loria.fr/sparql
http://rdfs.org/ns/void#,http://rdfs.org/ns/void#Dataset,https://linked.opendata.cz/sparql
http://rdfs.org/ns/void#,http://rdfs.org/ns/void#Linkset,http://fr.dbpedia.org/sparql
http://www.w3.org/ns/dcat#,http://www.w3.org/ns/dcat#Distribution,http://opendata.aragon.es/sparql
http://rdfs.org/ns/void#,http://rdfs.org/ns/void#Dataset,http://opendatacommunities.org/sparql
http://www.w3.org/ns/dcat#,http://www.w3.org/ns/dcat#Distribution,http://weakg.i3s.unice.fr/sparql
http://rdfs.org/ns/void#,http://rdfs.org/ns/void#DatasetDescription,https://chemblmirror.rdf.bigcat-bioinformatics.org/sparql
http://www.w3.org/ns/dcat#,http://www.w3.org/ns/dcat#Distribution,http://dati.camera.it/sparql
http://www.w3.org/ns/dcat#,http://www.w3.org/ns/dcat#Distribution,https://dati.cultura.gov.it/sparql
http://www.w3.org/ns/dcat#,http://www.w3.org/ns/dcat#Distribution,https://lov.linkeddata.es/dataset/lov/sparql
http://www.w3.org/ns/dcat#,http://www.w3.org/ns/dcat#Dataset,http://publications.europa.eu/webapi/rdf/sparql
http://www.w3.org/ns/dcat#,http://www.w3.org/ns/dcat#DataService,https://lov.okfn.org/dataset/lov/sparql
http://www.w3.org/ns/dcat#,http://www.w3.org/ns/dcat#Dataset,https://datos.bcn.cl/sparql
http://rdfs.org/ns/void#,http://rdfs.org/ns/void#Dataset,http://resource.geolba.ac.at/PoolParty/sparql/GeologicUnit
http://www.w3.org/ns/dcat#,http://www.w3.org/ns/dcat#Resource,https://sparql.hegroup.org/sparql
http://rdfs.org/ns/void#,http://rdfs.org/ns/void#Dataset,http://fr.dbpedia.org/sparql
http://www.w3.org/ns/dcat#,http://www.w3.org/ns/dcat#Catalog,https://data.europa.eu/euodp/sparqlep
http://rdfs.org/ns/void#,http://rdfs.org/ns/void#Linkset,https://linked.opendata.cz/sparql
http://www.w3.org/ns/dcat#,http://www.w3.org/ns/dcat#Distribution,http://db.artsdata.ca/repositories/artsdata
http://www.w3.org/ns/dcat#,http://www.w3.org/ns/dcat#Catalog,https://ts.glytoucan.org/sparql
http://www.w3.org/ns/dcat#,http://www.w3.org/ns/dcat#Catalog,https://dati.beniculturali.it/sparql
http://www.w3.org/ns/dcat#,http://www.w3.org/ns/dcat#Dataset,http://wikidata.demo.openlinksw.com/sparql
http://www.w3.org/ns/dcat#,http://www.w3.org/ns/dcat#Dataset,https://linkeddata.uriburner.com/sparql
http://rdfs.org/ns/void#,http://rdfs.org/ns/void#Dataset,https://api.druid.datalegend.net/datasets/IISG/Labourconflicts/sparql
http://rdfs.org/ns/void#,http://rdfs.org/ns/void#Dataset,https://zbw.eu/beta/sparql/stwv/query
http://www.w3.org/ns/dcat#,http://www.w3.org/ns/dcat#Catalog,https://data.mvcr.gov.cz/sparql
http://rdfs.org/ns/void#,http://rdfs.org/ns/void#Dataset,http://linkedgeodata.org/sparql
http://rdfs.org/ns/void#,http://rdfs.org/ns/void#Dataset,https://lov.okfn.org/dataset/lov/sparql
http://www.w3.org/ns/dcat#,http://www.w3.org/ns/dcat#Distribution,https://query.wikidata.org/bigdata/namespace/dcatap/sparql
http://www.w3.org/ns/dcat#,http://www.w3.org/ns/dcat#CatalogRecord,https://lov.okfn.org/dataset/lov/sparql
http://rdfs.org/ns/void#,http://rdfs.org/ns/void#TechnicalFeature,https://lod.openlinksw.com/sparql
http://www.w3.org/ns/dcat#,http://www.w3.org/ns/dcat#Distribution,https://lod.sztaki.hu/sparql
http://rdfs.org/ns/void#,http://rdfs.org/ns/void#DatasetDescription,https://lod.openlinksw.com/sparql
http://www.w3.org/ns/dcat#,http://www.w3.org/ns/dcat#Catalog,https://lod.openlinksw.com/sparql
http://rdfs.org/ns/void#,http://rdfs.org/ns/void#Dataset,https://api.data.muziekweb.nl/datasets/muziekweborganization/Muziekweb/services/Muziekweb/sparql
http://rdfs.org/ns/void#,http://rdfs.org/ns/void#DatasetDescription,https://cr.eionet.europa.eu/sparql
http://www.w3.org/ns/dcat#,http://www.w3.org/ns/dcat#Resource,http://demo.openlinksw.com/sparql
http://rdfs.org/ns/void#,http://rdfs.org/ns/void#Linkset,https://lov.okfn.org/dataset/lov/sparql
http://rdfs.org/ns/void#,http://rdfs.org/ns/void#Dataset,https://api.druid.datalegend.net/datasets/dataLegend/Clio-Infra/sparql
http://www.w3.org/ns/dcat#,http://www.w3.org/ns/dcat#DataService,http://fr.dbpedia.org/sparql
http://rdfs.org/ns/void#,http://rdfs.org/ns/void#Dataset,https://www.foodie-cloud.org/sparql
http://www.w3.org/ns/dcat#,http://www.w3.org/ns/dcat#CatalogRecord,https://www.foodie-cloud.org/sparql
http://www.w3.org/ns/dcat#,http://www.w3.org/ns/dcat#Dataset,http://uriburner.com/sparql
http://rdfs.org/ns/void#,http://rdfs.org/ns/void#TechnicalFeature,https://cr.eionet.europa.eu/sparql
http://rdfs.org/ns/void#,http://rdfs.org/ns/void#TechnicalFeature,http://resource.geolba.ac.at/PoolParty/sparql/GeologicTimeScale
http://www.w3.org/ns/dcat#,http://www.w3.org/ns/dcat#CatalogRecord,https://lov.linkeddata.es/dataset/lov/sparql
http://rdfs.org/ns/void#,http://rdfs.org/ns/void#Dataset,https://dati.cultura.gov.it/sparql
http://rdfs.org/ns/void#,http://rdfs.org/ns/void#Dataset,https://lov.linkeddata.es/dataset/lov/sparql
http://rdfs.org/ns/void#,http://rdfs.org/ns/void#Linkset,http://ldf.fi/ww1lod/sparql
http://www.w3.org/ns/dcat#,http://www.w3.org/ns/dcat#Catalog,https://libris.kb.se/sparql
http://rdfs.org/ns/void#,http://rdfs.org/ns/void#Dataset,https://zbw.eu/beta/sparql/gnd/query
http://rdfs.org/ns/void#,http://rdfs.org/ns/void#Dataset,https://triplestore.iccu.sbn.it/sparql
http://www.w3.org/ns/dcat#,http://www.w3.org/ns/dcat#DataService,http://wasabi.inria.fr/sparql
http://rdfs.org/ns/void#,http://rdfs.org/ns/void#Dataset,https://data.muziekweb.nl/MuziekwebOrganization/Muziekweb/sparql/Muziekweb
http://www.w3.org/ns/dcat#,http://www.w3.org/ns/dcat#Dataset,http://taxref.mnhn.fr/sparql
http://rdfs.org/ns/void#,http://rdfs.org/ns/void#Dataset,http://kaiko.getalp.org/sparql
http://rdfs.org/ns/void#,http://rdfs.org/ns/void#Dataset,http://weakg.i3s.unice.fr/sparql
http://rdfs.org/ns/void#,http://rdfs.org/ns/void#Linkset,https://ldf.fi/ww1lod/sparql
http://www.w3.org/ns/dcat#,http://www.w3.org/ns/dcat#Distribution,https://linked.opendata.cz/sparql
http://rdfs.org/ns/void#,http://rdfs.org/ns/void#Dataset,https://sparql.glyconavi.org/sparql
http://rdfs.org/ns/void#,http://rdfs.org/ns/void#Dataset,http://ldf.fi/ww1lod/sparql
http://rdfs.org/ns/void#,http://rdfs.org/ns/void#Linkset,https://dati.cultura.gov.it/sparql
http://rdfs.org/ns/void#,http://rdfs.org/ns/void#Linkset,https://lov.linkeddata.es/dataset/lov/sparql
http://www.w3.org/ns/dcat#,http://www.w3.org/ns/dcat#Role,http://lov.okfn.org/dataset/lov/sparql
http://www.w3.org/ns/dcat#,http://www.w3.org/ns/dcat#Catalog,https://landportal.org/sparql
http://www.w3.org/ns/dcat#,http://www.w3.org/ns/dcat#Resource,https://data.gov.cz/sparql
http://rdfs.org/ns/void#,http://rdfs.org/ns/void#Dataset,https://ldf.fi/ww1lod/sparql
http://rdfs.org/ns/void#,http://rdfs.org/ns/void#Dataset,http://db.artsdata.ca/repositories/artsdata
http://rdfs.org/ns/void#,http://rdfs.org/ns/void#Linkset,http://kaiko.getalp.org/sparql
http://www.w3.org/ns/dcat#,http://www.w3.org/ns/dcat#Catalog,https://dati.isprambiente.it/sparql
http://www.w3.org/ns/dcat#,http://www.w3.org/ns/dcat#Dataset,https://opendata.mfcr.cz/lod/sparql
http://rdfs.org/ns/void#,http://rdfs.org/ns/void#Dataset,https://lod.abes.fr/sparql
http://www.w3.org/ns/dcat#,http://www.w3.org/ns/dcat#Dataset,https://data.mpsv.cz/sparql/
http://rdfs.org/ns/void#,http://rdfs.org/ns/void#Dataset,https://api.druid.datalegend.net/datasets/dataLegend/deaths-1910-1920/sparql
http://www.w3.org/ns/dcat#,http://www.w3.org/ns/dcat#Catalog,https://data.europa.eu/sparql
http://www.w3.org/ns/dcat#,http://www.w3.org/ns/dcat#Distribution,http://fr.dbpedia.org/sparql
http://www.w3.org/ns/dcat#,http://www.w3.org/ns/dcat#Catalog,https://open.bydata.de/api/sparql
http://rdfs.org/ns/void#,http://rdfs.org/ns/void#Linkset,https://covidontheweb.inria.fr/sparql
http://rdfs.org/ns/void#,http://rdfs.org/ns/void#Linkset,http://sparql.proconsortium.org/virtuoso/sparql
http://www.w3.org/ns/dcat#,http://www.w3.org/ns/dcat#Distribution,http://uriburner.com/sparql
http://www.w3.org/ns/dcat#,http://www.w3.org/ns/dcat#Catalog,http://libris.kb.se/sparql
http://www.w3.org/ns/dcat#,http://www.w3.org/ns/dcat#Resource,https://data.europa.eu/euodp/sparqlep
http://www.w3.org/ns/dcat#,http://www.w3.org/ns/dcat#DataService,https://opendata.mfcr.cz/lod/sparql
http://www.w3.org/ns/dcat#,http://www.w3.org/ns/dcat#DataService,https://data.mpsv.cz/sparql/
http://www.w3.org/ns/dcat#,http://www.w3.org/ns/dcat#Role,https://lod.openlinksw.com/sparql
http://www.w3.org/ns/dcat#,http://www.w3.org/ns/dcat#Distribution,http://data.allie.dbcls.jp/sparql
http://www.w3.org/ns/dcat#,http://www.w3.org/ns/dcat#Catalog,https://taxref.mnhn.fr/sparql
http://rdfs.org/ns/void#,http://rdfs.org/ns/void#Dataset,https://fr.dbpedia.org/sparql
http://www.w3.org/ns/dcat#,http://www.w3.org/ns/dcat#Relationship,https://data.europa.eu/euodp/sparqlep
http://www.w3.org/ns/dcat#,http://www.w3.org/ns/dcat#Resource,https://publications.europa.eu/webapi/rdf/sparql
http://rdfs.org/ns/void#,http://rdfs.org/ns/void#Dataset,http://webisa.webdatacommons.org/sparql
http://rdfs.org/ns/void#,http://rdfs.org/ns/void#DatasetDescription,https://clara.univ-nantes.fr/sparql
http://rdfs.org/ns/void#,http://rdfs.org/ns/void#Dataset,http://sparql.proconsortium.org/virtuoso/sparql
http://rdfs.org/ns/void#,http://rdfs.org/ns/void#Dataset,https://api.druid.datalegend.net/datasets/nlgis/cshapes/sparql
http://rdfs.org/ns/void#,http://rdfs.org/ns/void#Dataset,http://metadb.riken.jp/sparql
http://www.w3.org/ns/dcat#,http://www.w3.org/ns/dcat#Dataset,https://es.dbpedia.org/sparql
http://rdfs.org/ns/void#,http://rdfs.org/ns/void#Dataset,https://covidontheweb.inria.fr/sparql
http://www.w3.org/ns/dcat#,http://www.w3.org/ns/dcat#Dataset,http://vocab.nerc.ac.uk/sparql/
http://www.w3.org/ns/dcat#,http://www.w3.org/ns/dcat#Catalog,https://clara.univ-nantes.fr/sparql
http://www.w3.org/ns/dcat#,http://www.w3.org/ns/dcat#Dataset,http://ldf.fi/corresp/sparql
http://www.w3.org/ns/dcat#,http://www.w3.org/ns/dcat#Dataset,https://lod.sztaki.hu/sparql
http://rdfs.org/ns/void#,http://rdfs.org/ns/void#Linkset,https://fr.dbpedia.org/sparql
http://www.w3.org/ns/dcat#,http://www.w3.org/ns/dcat#Dataset,https://query.wikidata.org/bigdata/namespace/dcatap/sparql
http://www.w3.org/ns/dcat#,http://www.w3.org/ns/dcat#Catalog,http://data.doremus.org/sparql
http://www.w3.org/ns/dcat#,http://www.w3.org/ns/dcat#Distribution,https://schema.gov.it/sparql
http://www.w3.org/ns/dcat#,http://www.w3.org/ns/dcat#Dataset,http://wasabi.inria.fr/sparql
http://www.w3.org/ns/dcat#,http://www.w3.org/ns/dcat#DataService,http://taxref.mnhn.fr/sparql
http://www.w3.org/ns/dcat#,http://www.w3.org/ns/dcat#Catalog,https://semantic.eea.europa.eu/sparql
http://www.w3.org/ns/dcat#,http://www.w3.org/ns/dcat#Catalog,http://lov.okfn.org/dataset/lov/sparql
http://www.w3.org/ns/dcat#,http://www.w3.org/ns/dcat#Dataset,http://fr.dbpedia.org/sparql
http://rdfs.org/ns/void#,http://rdfs.org/ns/void#Dataset,https://sparql.wikipathways.org/sparql
http://www.w3.org/ns/dcat#,http://www.w3.org/ns/dcat#Distribution,https://opendata.mfcr.cz/lod/sparql
http://www.w3.org/ns/dcat#,http://www.w3.org/ns/dcat#Distribution,https://data.mpsv.cz/sparql/
http://rdfs.org/ns/void#,http://rdfs.org/ns/void#Dataset,https://sparql.glycoinfo.org/sparql
http://www.w3.org/ns/dcat#,http://www.w3.org/ns/dcat#DataService,http://uriburner.com/sparql
http://rdfs.org/ns/void#,http://rdfs.org/ns/void#Dataset,https://navi.first.lifesciencedb.jp/fanavi/sparql
http://rdfs.org/ns/void#,http://rdfs.org/ns/void#Dataset,https://linkeddata.uriburner.com/sparql
http://rdfs.org/ns/void#,http://rdfs.org/ns/void#Dataset,https://api.druid.datalegend.net/datasets/nlgis/gemeentegeschiedenis/sparql
http://www.w3.org/ns/dcat#,http://www.w3.org/ns/dcat#CatalogRecord,https://linkeddata.uriburner.com/sparql
http://www.w3.org/ns/dcat#,http://www.w3.org/ns/dcat#Role,https://data.europa.eu/sparql
http://rdfs.org/ns/void#,http://rdfs.org/ns/void#Dataset,http://wikidata.demo.openlinksw.com/sparql
http://rdfs.org/ns/void#,http://rdfs.org/ns/void#Linkset,https://sparql.wikipathways.org/sparql
http://www.w3.org/ns/dcat#,http://www.w3.org/ns/dcat#Dataset,http://opendatacommunities.org/sparql
http://www.w3.org/ns/dcat#,http://www.w3.org/ns/dcat#Dataset,https://linked.opendata.cz/sparql
http://www.w3.org/ns/dcat#,http://www.w3.org/ns/dcat#Dataset,http://sparql.odw.tw
http://rdfs.org/ns/void#,http://rdfs.org/ns/void#Dataset,http://vocabs.ands.org.au/repository/api/sparql/csiro_international-chronostratigraphic-chart_2018
http://www.w3.org/ns/dcat#,http://www.w3.org/ns/dcat#Distribution,http://taxref.mnhn.fr/sparql
http://rdfs.org/ns/void#,http://rdfs.org/ns/void#Linkset,http://wikidata.demo.openlinksw.com/sparql
http://rdfs.org/ns/void#,http://rdfs.org/ns/void#TechnicalFeature,http://vocabulary.semantic-web.at/PoolParty/sparql/OpenData
http://rdfs.org/ns/void#,http://rdfs.org/ns/void#DatasetDescription,https://semantic.eea.europa.eu/sparql
http://rdfs.org/ns/void#,http://rdfs.org/ns/void#DatasetDescription,http://lov.okfn.org/dataset/lov/sparql
http://rdfs.org/ns/void#,http://rdfs.org/ns/void#DatasetDescription,http://navi.first.lifesciencedb.jp/fanavi/sparql
http://rdfs.org/ns/void#,http://rdfs.org/ns/void#Linkset,https://navi.first.lifesciencedb.jp/fanavi/sparql
http://rdfs.org/ns/void#,http://rdfs.org/ns/void#Linkset,https://linkeddata.uriburner.com/sparql
http://www.w3.org/ns/dcat#,http://www.w3.org/ns/dcat#Dataset,https://db.project-hobbit.eu/sparql
http://www.w3.org/ns/dcat#,http://www.w3.org/ns/dcat#Resource,https://joinup.ec.europa.eu/sparql
http://www.w3.org/ns/dcat#,http://www.w3.org/ns/dcat#CatalogRecord,http://publications.europa.eu/webapi/rdf/sparql
http://rdfs.org/ns/void#,http://rdfs.org/ns/void#Dataset,https://ontology.inrae.fr/weather/sparql
http://www.w3.org/ns/dcat#,http://www.w3.org/ns/dcat#Dataset,http://linguistic.linkeddata.es/sparql
http://www.w3.org/ns/dcat#,http://www.w3.org/ns/dcat#Resource,http://sparql.hegroup.org/sparql
http://rdfs.org/ns/void#,http://rdfs.org/ns/void#Dataset,https://api.druid.datalegend.net/datasets/dataLegend/strikes/sparql
